Name,Roll no.,Class,Sec,State,Eng,Maths ,Chem,Phy ,Comp,Pbi/ Tel,Total,Avg,Percentage
Duke,1,12,M,P,90,93,89,78,87,89,526,0.876666667,87.66666667
Krish,1,12,NM,A,78,87,98,89,10,89,451,0.751666667,75.16666667
David,3,12,Comm,a,89,90,91,92,89,78,529,0.881666667,88.16666667
Ram,6,7,C,p,89,82,87,88,90,78,514,0.856666667,85.66666667
Paxton,10,11,NM,P,90,89,78,91,93,89,530,0.883333333,88.33333333
Ben,11,12,M,A,89,78,90,82,93,82,514,0.856666667,85.66666667
